First Name,Middle Name,Last Name,Phonetic First Name,Phonetic Middle Name,Phonetic Last Name,Name Prefix,Name Suffix,Nickname,File As,Organization Name,Organization Title,Organization Department,Birthday,Notes,Photo,Labels,Phone 1 - Label,Phone 1 - Value
technical,,cabssa,,,,,,,,,,,,,,* myContacts,,72769 34181
,,,,,,,,,,,,,,,,* myContacts,,
Player 1,,,,,,,,,,,,,,,,* myContacts,,9611322820
Player 2,,,,,,,,,,,,,,,,* myContacts,,9270008732
Player 3,,,,,,,,,,,,,,,,* myContacts,,8767173845
Player 4,,,,,,,,,,,,,,,,* myContacts,,7483511665
Player 5,,,,,,,,,,,,,,,,* myContacts,,9322795671
Player 6,,,,,,,,,,,,,,,,* myContacts,,8862089690
Player 7,,,,,,,,,,,,,,,,* myContacts,,8380030716
Player 8,,,,,,,,,,,,,,,,* myContacts,,7083590672
Player 9,,,,,,,,,,,,,,,,* myContacts,,8999105210
Player 10,,,,,,,,,,,,,,,,* myContacts,,9356618643
Player 11,,,,,,,,,,,,,,,,* myContacts,,9767918457
Player 12,,,,,,,,,,,,,,,,* myContacts,,9022048520
Player 13,,,,,,,,,,,,,,,,* myContacts,,8805724615
Player 14,,,,,,,,,,,,,,,,* myContacts,,9987703884
Player 15,,,,,,,,,,,,,,,,* myContacts,,9922303170
Player 16,,,,,,,,,,,,,,,,* myContacts,,7744891365
Player 17,,,,,,,,,,,,,,,,* myContacts,,9970675438
Player 18,,,,,,,,,,,,,,,,* myContacts,,9975288018
Player 19,,,,,,,,,,,,,,,,* myContacts,,9527386510
Player 20,,,,,,,,,,,,,,,,* myContacts,,9764750953
Player 21,,,,,,,,,,,,,,,,* myContacts,,9270079215
Player 22,,,,,,,,,,,,,,,,* myContacts,,7028577521
Player 23,,,,,,,,,,,,,,,,* myContacts,,8623086992
Player 24,,,,,,,,,,,,,,,,* myContacts,,9049482024
Player 25,,,,,,,,,,,,,,,,* myContacts,,9665464677
Player 26,,,,,,,,,,,,,,,,* myContacts,,7038250786
Player 27,,,,,,,,,,,,,,,,* myContacts,,7276151167
Player 28,,,,,,,,,,,,,,,,* myContacts,,7666437308
Player 29,,,,,,,,,,,,,,,,* myContacts,,9011680511
Player 30,,,,,,,,,,,,,,,,* myContacts,,7972158594
Player 31,,,,,,,,,,,,,,,,* myContacts,,7720968458
Player 32,,,,,,,,,,,,,,,,* myContacts,,8308252598
Player 33,,,,,,,,,,,,,,,,* myContacts,,8459841962
Player 34,,,,,,,,,,,,,,,,* myContacts,,8421794069
Player 35,,,,,,,,,,,,,,,,* myContacts,,7030842150
Player 36,,,,,,,,,,,,,,,,* myContacts,,8623896970
Player 37,,,,,,,,,,,,,,,,* myContacts,,8446853108
Player 38,,,,,,,,,,,,,,,,* myContacts,,9.1927E+11
Player 39,,,,,,,,,,,,,,,,* myContacts,,9518588426
Player 40,,,,,,,,,,,,,,,,* myContacts,,7385281106
Player 41,,,,,,,,,,,,,,,,* myContacts,,9860931005
Player 42,,,,,,,,,,,,,,,,* myContacts,,8983491771
Player 43,,,,,,,,,,,,,,,,* myContacts,,8767744039
Player 44,,,,,,,,,,,,,,,,* myContacts,,8329268025
Player 45,,,,,,,,,,,,,,,,* myContacts,,9579856706
Player 46,,,,,,,,,,,,,,,,* myContacts,,9881365318
Player 47,,,,,,,,,,,,,,,,* myContacts,,8623896970
Player 48,,,,,,,,,,,,,,,,* myContacts,,9096586571
Player 49,,,,,,,,,,,,,,,,* myContacts,,8390993166
Player 50,,,,,,,,,,,,,,,,* myContacts,,7249630710
Player 51,,,,,,,,,,,,,,,,* myContacts,,9028934597
Player 52,,,,,,,,,,,,,,,,* myContacts,,8329391844
Player 53,,,,,,,,,,,,,,,,* myContacts,,9699832363
Player 54,,,,,,,,,,,,,,,,* myContacts,,7757869946
Player 55,,,,,,,,,,,,,,,,* myContacts,,7720968458
Player 56,,,,,,,,,,,,,,,,* myContacts,,9172574347
Player 57,,,,,,,,,,,,,,,,* myContacts,,8263032771
Player 58,,,,,,,,,,,,,,,,* myContacts,,9371571709
Player 59,,,,,,,,,,,,,,,,* myContacts,,8080161292
Player 60,,,,,,,,,,,,,,,,* myContacts,,8149252474
Player 61,,,,,,,,,,,,,,,,* myContacts,,9101659626
Player 62,,,,,,,,,,,,,,,,* myContacts,,7972360140
Player 63,,,,,,,,,,,,,,,,* myContacts,,9325810696
Player 64,,,,,,,,,,,,,,,,* myContacts,,7972079816
Player 65,,,,,,,,,,,,,,,,* myContacts,,7755974863
Player 66,,,,,,,,,,,,,,,,* myContacts,,8149862606
Player 67,,,,,,,,,,,,,,,,* myContacts,,9767113120
Player 68,,,,,,,,,,,,,,,,* myContacts,,8105190303
Player 69,,,,,,,,,,,,,,,,* myContacts,,8767902301
Player 70,,,,,,,,,,,,,,,,* myContacts,,8767311315
Player 71,,,,,,,,,,,,,,,,* myContacts,,8010500475
Player 72,,,,,,,,,,,,,,,,* myContacts,,8007620722
Player 73,,,,,,,,,,,,,,,,* myContacts,,9172040518
Player 74,,,,,,,,,,,,,,,,* myContacts,,9021778352
Player 75,,,,,,,,,,,,,,,,* myContacts,,7720968458
Player 76,,,,,,,,,,,,,,,,* myContacts,,7385936178
Player 77,,,,,,,,,,,,,,,,* myContacts,,7058174374
Player 78,,,,,,,,,,,,,,,,* myContacts,,6364377713
Player 79,,,,,,,,,,,,,,,,* myContacts,,9921555312
Player 80,,,,,,,,,,,,,,,,* myContacts,,8625807526
Player 81,,,,,,,,,,,,,,,,* myContacts,,9665823096
Player 82,,,,,,,,,,,,,,,,* myContacts,,9373041533
Player 83,,,,,,,,,,,,,,,,* myContacts,,9226050103
Player 84,,,,,,,,,,,,,,,,* myContacts,,7719029737
Player 85,,,,,,,,,,,,,,,,* myContacts,,7498711810
Player 86,,,,,,,,,,,,,,,,* myContacts,,8767226865
Player 87,,,,,,,,,,,,,,,,* myContacts,,9356783540
Player 88,,,,,,,,,,,,,,,,* myContacts,,9119534019
Player 89,,,,,,,,,,,,,,,,* myContacts,,8237815057
Player 90,,,,,,,,,,,,,,,,* myContacts,,7720968458
Player 91,,,,,,,,,,,,,,,,* myContacts,,9921043494
Player 92,,,,,,,,,,,,,,,,* myContacts,,8419989591
Player 93,,,,,,,,,,,,,,,,* myContacts,,7499154920
Player 94,,,,,,,,,,,,,,,,* myContacts,,9022447276
Player 95,,,,,,,,,,,,,,,,* myContacts,,9028926557
Player 96,,,,,,,,,,,,,,,,* myContacts,,9579822042
Player 97,,,,,,,,,,,,,,,,* myContacts,,8626961625
Player 98,,,,,,,,,,,,,,,,* myContacts,,7387355505
Player 99,,,,,,,,,,,,,,,,* myContacts,,8177886667
Player 100,,,,,,,,,,,,,,,,* myContacts,,9970406956
Player 101,,,,,,,,,,,,,,,,* myContacts,,9209093164
Player 102,,,,,,,,,,,,,,,,* myContacts,,9975806785
Player 103,,,,,,,,,,,,,,,,* myContacts,,7666858407
Player 104,,,,,,,,,,,,,,,,* myContacts,,7385290954
Player 105,,,,,,,,,,,,,,,,* myContacts,,8421171509
Player 106,,,,,,,,,,,,,,,,* myContacts,,8459929463
Player 107,,,,,,,,,,,,,,,,* myContacts,,7507526666
Player 108,,,,,,,,,,,,,,,,* myContacts,,7020335385
Player 109,,,,,,,,,,,,,,,,* myContacts,,8055107667
Player 110,,,,,,,,,,,,,,,,* myContacts,,8884251964
Player 111,,,,,,,,,,,,,,,,* myContacts,,9975460016
Player 112,,,,,,,,,,,,,,,,* myContacts,,8180907632
Player 113,,,,,,,,,,,,,,,,* myContacts,,9309829161
Player 114,,,,,,,,,,,,,,,,* myContacts,,8767615195
Player 115,,,,,,,,,,,,,,,,* myContacts,,9834006109
Player 116,,,,,,,,,,,,,,,,* myContacts,,9172084722
Player 117,,,,,,,,,,,,,,,,* myContacts,,7070757788
Player 118,,,,,,,,,,,,,,,,* myContacts,,9226877990
Player 119,,,,,,,,,,,,,,,,* myContacts,,8530057815
Player 120,,,,,,,,,,,,,,,,* myContacts,,8624991512
Player 121,,,,,,,,,,,,,,,,* myContacts,,9933479292
Player 122,,,,,,,,,,,,,,,,* myContacts,,9657557597
Player 123,,,,,,,,,,,,,,,,* myContacts,,8788649220
Player 124,,,,,,,,,,,,,,,,* myContacts,,9975787193
Player 125,,,,,,,,,,,,,,,,* myContacts,,9146711059
Player 126,,,,,,,,,,,,,,,,* myContacts,,9881251523
Player 127,,,,,,,,,,,,,,,,* myContacts,,9309860186
Player 128,,,,,,,,,,,,,,,,* myContacts,,7058559601
Player 129,,,,,,,,,,,,,,,,* myContacts,,8793400267
Player 130,,,,,,,,,,,,,,,,* myContacts,,8459001524
Player 131,,,,,,,,,,,,,,,,* myContacts,,7019886981
Player 132,,,,,,,,,,,,,,,,* myContacts,,7498495929
Player 133,,,,,,,,,,,,,,,,* myContacts,,9405685018
Player 134,,,,,,,,,,,,,,,,* myContacts,,9527352110
Player 135,,,,,,,,,,,,,,,,* myContacts,,8830021946
Player 136,,,,,,,,,,,,,,,,* myContacts,,7798954243
Player 137,,,,,,,,,,,,,,,,* myContacts,,9356947381
Player 138,,,,,,,,,,,,,,,,* myContacts,,9850949701
Player 139,,,,,,,,,,,,,,,,* myContacts,,8446186572
Player 140,,,,,,,,,,,,,,,,* myContacts,,8261851591
Player 141,,,,,,,,,,,,,,,,* myContacts,,8055102993
Player 142,,,,,,,,,,,,,,,,* myContacts,,8421275436
Player 143,,,,,,,,,,,,,,,,* myContacts,,8080191354
Player 144,,,,,,,,,,,,,,,,* myContacts,,9172574347
Player 145,,,,,,,,,,,,,,,,* myContacts,,7841054855
Player 146,,,,,,,,,,,,,,,,* myContacts,,8830345758
Player 147,,,,,,,,,,,,,,,,* myContacts,,7218176595
Player 148,,,,,,,,,,,,,,,,* myContacts,,9420617185
Player 149,,,,,,,,,,,,,,,,* myContacts,,9353970047
Player 150,,,,,,,,,,,,,,,,* myContacts,,8265032338
Player 151,,,,,,,,,,,,,,,,* myContacts,,8459838878
Player 152,,,,,,,,,,,,,,,,* myContacts,,7975301307
Player 153,,,,,,,,,,,,,,,,* myContacts,,9359521042
Player 154,,,,,,,,,,,,,,,,* myContacts,,7208598352
Player 155,,,,,,,,,,,,,,,,* myContacts,,7447337755
Player 156,,,,,,,,,,,,,,,,* myContacts,,8379879171
Player 157,,,,,,,,,,,,,,,,* myContacts,,7447337755
Player 158,,,,,,,,,,,,,,,,* myContacts,,8483044289
Player 159,,,,,,,,,,,,,,,,* myContacts,,7378547004
Player 160,,,,,,,,,,,,,,,,* myContacts,,9423861706
Player 161,,,,,,,,,,,,,,,,* myContacts,,9209952676
Player 162,,,,,,,,,,,,,,,,* myContacts,,7057249595
Player 163,,,,,,,,,,,,,,,,* myContacts,,7507624545
Player 164,,,,,,,,,,,,,,,,* myContacts,,8975574777
Player 165,,,,,,,,,,,,,,,,* myContacts,,9270005389
Player 166,,,,,,,,,,,,,,,,* myContacts,,9588647489
Player 167,,,,,,,,,,,,,,,,* myContacts,,9322458212
Player 168,,,,,,,,,,,,,,,,* myContacts,,8421812904
Player 169,,,,,,,,,,,,,,,,* myContacts,,9112622545
Player 170,,,,,,,,,,,,,,,,* myContacts,,8329052859
Player 171,,,,,,,,,,,,,,,,* myContacts,,7558573040
Player 172,,,,,,,,,,,,,,,,* myContacts,,8010347482
Player 173,,,,,,,,,,,,,,,,* myContacts,,9284787858
Player 174,,,,,,,,,,,,,,,,* myContacts,,7057452304
Player 175,,,,,,,,,,,,,,,,* myContacts,,7588018517
Player 176,,,,,,,,,,,,,,,,* myContacts,,8149631029
Player 177,,,,,,,,,,,,,,,,* myContacts,,8971295876
Player 178,,,,,,,,,,,,,,,,* myContacts,,9262511171
Player 179,,,,,,,,,,,,,,,,* myContacts,,8766695500
Player 180,,,,,,,,,,,,,,,,* myContacts,,8390341228
Player 181,,,,,,,,,,,,,,,,* myContacts,,9822381756
Player 182,,,,,,,,,,,,,,,,* myContacts,,8446253165
Player 183,,,,,,,,,,,,,,,,* myContacts,,7276365067
Player 184,,,,,,,,,,,,,,,,* myContacts,,8275535701
Player 185,,,,,,,,,,,,,,,,* myContacts,,7038244149
Player 186,,,,,,,,,,,,,,,,* myContacts,,9823989301
Player 187,,,,,,,,,,,,,,,,* myContacts,,9766357188
Player 188,,,,,,,,,,,,,,,,* myContacts,,8010142546
Player 189,,,,,,,,,,,,,,,,* myContacts,,9591129762
Player 190,,,,,,,,,,,,,,,,* myContacts,,9011176957
Player 191,,,,,,,,,,,,,,,,* myContacts,,9356717193
Player 192,,,,,,,,,,,,,,,,* myContacts,,9156702971
Player 193,,,,,,,,,,,,,,,,* myContacts,,8850861085
Player 194,,,,,,,,,,,,,,,,* myContacts,,8482911801
Player 195,,,,,,,,,,,,,,,,* myContacts,,7972172507
Player 196,,,,,,,,,,,,,,,,* myContacts,,7219739099
